{
	"AL": 0.000002783465104,
	"AK": 0.00001694824289,
	"AZ": 0.000003117429606,
	"AR": 0.00000262364415,
	"CA": 0.00002106946174,
	"CO": 0.00001148194196,
	"CT": 0.00002938716336,
	"DC": 0.00002192417524,
	"DE": 0.0000120863205,
	"FL": 0.000007921616629,
	"GA": 0.000004851961069,
	"HI": 0.00003937074304,
	"ID": 0.000005853272506,
	"IL": 0.000006147109867,
	"IN": 0.00000266219733,
	"IA": 0.000005683806079,
	"KS": 0.000002738694327,
	"KY": 0.000001327821987,
	"LA": 0.000001670398616,
	"ME": 0.00003083048518,
	"MD": 0.00001411905896,
	"MA": 0.00001332747681,
	"MI": 0.000005934637094,
	"MN": 0.000003934343673,
	"MS": 0.000001951058352,
	"MO": 0.000001285827163,
	"MT": 0.00000953950883,
	"NE": 0.000007285572589,
	"NV": 0.000007373706836,
	"NH": 0.00001772384477,
	"NJ": 0.00001649020699,
	"NM": 0.000006641832539,
	"NY": 0.0000246780518,
	"NC": 0.000004929021148,
	"ND": 0.000002724105336,
	"OH": 0.000002353196271,
	"OK": 0.000003027431557,
	"OR": 0.00001388383539,
	"PA": 0.000006581952348,
	"RI": 0.000005490071206,
	"SC": 0.00000386478359,
	"SD": 0.000004637820966,
	"TN": 0.000003484473332,
	"TX": 0.00000245753813,
	"UT": 0.000007800312012,
	"VT": 0.00003166089911,
	"VA": 0.000007431031896,
	"WA": 0.00001375728057,
	"WV": 0.000003265515826,
	"WI": 0.000002058298562,
	"WY": 0.000007053778003
}