{
	"AL": 0.000477358107,
	"AK": 0.001232773944,
	"AZ": 0.0004640642393,
	"AR": 0.0006490742038,
	"CA": 0.0001930107741,
	"CO": 0.0005359225019,
	"CT": 0.0005024825929,
	"DC": 0.0000417884295,
	"DE": 0.0003274635918,
	"FL": 0.000347782162,
	"GA": 0.0003502605476,
	"HI": 0.0001723246597,
	"ID": 0.0008433593893,
	"IL": 0.0004226675737,
	"IN": 0.0004316902006,
	"IA": 0.0006666219497,
	"KS": 0.0006456987913,
	"KY": 0.0005410637043,
	"LA": 0.0004487298405,
	"ME": 0.0007193614526,
	"MD": 0.0005295615115,
	"MA": 0.0005984122905,
	"MI": 0.0004140605528,
	"MN": 0.0004633642757,
	"MS": 0.000511712074,
	"MO": 0.0007797456528,
	"MT": 0.001472641893,
	"NE": 0.000610913318,
	"NV": 0.0004446239692,
	"NH": 0.0008884453695,
	"NJ": 0.00005807469183,
	"NM": 0.0005325491961,
	"NY": 0.000199502262,
	"NC": 0.0004565179323,
	"ND": 0.0009054889309,
	"OH": 0.0004110267357,
	"OK": 0.0006192022924,
	"OR": 0.0005691835619,
	"PA": 0.0004918185001,
	"RI": 0.0005954858211,
	"SC": 0.0004314969701,
	"SD": 0.0008876971159,
	"TN": 0.0004921095702,
	"TX": 0.0003858030689,
	"UT": 0.0004590833871,
	"VT": 0.0008626536702,
	"VA": 0.0004884285988,
	"WA": 0.0003720085885,
	"WV": 0.0007897097624,
	"WI": 0.0005160915837,
	"WY": 0.001493142763
}